{"inputUnits":[34],"outputUnits":2,"inputs":{"0":{"dtype":"number","min":276.9831978764515,"max":363.09313436426544},"1":{"dtype":"number","min":40.65221667753583,"max":163.1201228279084},"2":{"dtype":"number","min":278.23915496410564,"max":366.8324570711485},"3":{"dtype":"number","min":32.68918226665096,"max":155.0771765207966},"4":{"dtype":"number","min":266.4978787314567,"max":357.1982670943561},"5":{"dtype":"number","min":31.108935760616788,"max":155.26835994497813},"6":{"dtype":"number","min":276.3196320292551,"max":362.71618854211},"7":{"dtype":"number","min":38.822871701726655,"max":155.79067215381428},"8":{"dtype":"number","min":247.75285772776326,"max":334.3111992624483},"9":{"dtype":"number","min":39.180166934714705,"max":157.42991094923207},"10":{"dtype":"number","min":254.94670942135824,"max":334.27518020808003},"11":{"dtype":"number","min":74.62611870079189,"max":185.94293616625123},"12":{"dtype":"number","min":234.20878577325132,"max":322.250055988475},"13":{"dtype":"number","min":79.22276626765031,"max":184.3157317758998},"14":{"dtype":"number","min":221.51634364740394,"max":368.7817192819796},"15":{"dtype":"number","min":79.25660407032947,"max":233.17293812792587},"16":{"dtype":"number","min":226.08951553760335,"max":368.58169496291345},"17":{"dtype":"number","min":104.22412916843993,"max":238.3274797521213},"18":{"dtype":"number","min":232.85635090987506,"max":453.48980261657954},"19":{"dtype":"number","min":75.10608391075283,"max":263.39144576848247},"20":{"dtype":"number","min":236.75342188734953,"max":457.41171395268424},"21":{"dtype":"number","min":81.85923535536236,"max":262.9911928881931},"22":{"dtype":"number","min":228.10407586598674,"max":315.89162032427953},"23":{"dtype":"number","min":192.143684713757,"max":271.6455820284001},"24":{"dtype":"number","min":254.16749471820282,"max":301.9067192819796},"25":{"dtype":"number","min":191.87572850327547,"max":271.4373797108691},"26":{"dtype":"number","min":247.67799466500486,"max":351.1274042389272},"27":{"dtype":"number","min":279.29535446463854,"max":313.7820125832168},"28":{"dtype":"number","min":265.2777206480271,"max":344.07069462282647},"29":{"dtype":"number","min":279.6525018595536,"max":307.1104282720544},"30":{"dtype":"number","min":257.3279485442759,"max":286.24671550112475},"31":{"dtype":"number","min":370.49108839220577,"max":400.15864212689235},"32":{"dtype":"number","min":274.39126842216757,"max":291.6040585291525},"33":{"dtype":"number","min":370.57843991290736,"max":401.4512034612871}},"outputs":{"0":{"dtype":"number","min":0.03,"max":1},"1":{"dtype":"number","min":0.03,"max":1}},"isNormalized":true}