{"inputUnits":[34],"outputUnits":2,"inputs":{"0":{"dtype":"number","min":312.05558747169107,"max":329.08798277146155},"1":{"dtype":"number","min":201.10057815967366,"max":210.05798933570952},"2":{"dtype":"number","min":332.62028675598856,"max":349.5003749981001},"3":{"dtype":"number","min":178.53525362126095,"max":188.60179619102627},"4":{"dtype":"number","min":295.7818413522921,"max":313.4146420964935},"5":{"dtype":"number","min":179.10295894637648,"max":187.63389854579583},"6":{"dtype":"number","min":373.4292958775383,"max":380.12068574066757},"7":{"dtype":"number","min":180.42267914412088,"max":196.30166020374816},"8":{"dtype":"number","min":278.9596867097491,"max":295.90523567645005},"9":{"dtype":"number","min":186.63901599928562,"max":191.59825365830955},"10":{"dtype":"number","min":413.0323132466713,"max":425.6506395154426},"11":{"dtype":"number","min":278.45853616291447,"max":302.70593546707806},"12":{"dtype":"number","min":244.0586306798319,"max":259.0930888253891},"13":{"dtype":"number","min":296.1351684095331,"max":307.91710404570466},"14":{"dtype":"number","min":530.2903183517753,"max":570.5708449545538},"15":{"dtype":"number","min":198.95102415567243,"max":354.97847620151384},"16":{"dtype":"number","min":156.84241268885276,"max":185.4325433278362},"17":{"dtype":"number","min":441.6592525972003,"max":471.4034119839798},"18":{"dtype":"number","min":499.15663663515323,"max":562.6697703558184},"19":{"dtype":"number","min":44.51291036049216,"max":373.008066615242},"20":{"dtype":"number","min":154.70349590138238,"max":197.41697200077516},"21":{"dtype":"number","min":518.4172853699918,"max":551.9224720520732},"22":{"dtype":"number","min":402.0539861894303,"max":431.33663726687894},"23":{"dtype":"number","min":520.2012714430516,"max":553.7375854610933},"24":{"dtype":"number","min":276.1280047939909,"max":293.5657237012099},"25":{"dtype":"number","min":520.8687110633701,"max":543.2972212617036},"26":{"dtype":"number","min":398.1854039129116,"max":450.8545016871352},"27":{"dtype":"number","min":575.9938684604512,"max":591.9802179596304},"28":{"dtype":"number","min":270.4663062188412,"max":283.7942225831028},"29":{"dtype":"number","min":581.2044539989664,"max":592.8281720231943},"30":{"dtype":"number","min":393.2158218561907,"max":431.96074667607763},"31":{"dtype":"number","min":560.3515633905909,"max":574.497995339479},"32":{"dtype":"number","min":277.6753231894645,"max":286.92420929786294},"33":{"dtype":"number","min":561.4947827409677,"max":568.5508104613783}},"outputs":{"0":{"dtype":"number","min":0.01,"max":1},"1":{"dtype":"number","min":0.01,"max":1}},"isNormalized":true}