{"inputUnits":[34],"outputUnits":2,"inputs":{"0":{"dtype":"number","min":248.1005158776903,"max":374.27159053342353},"1":{"dtype":"number","min":48.33776570479694,"max":63.774227632158926},"2":{"dtype":"number","min":260.35016367871475,"max":386.53857635616794},"3":{"dtype":"number","min":40.162110829631644,"max":54.453092938731146},"4":{"dtype":"number","min":233.90356160323444,"max":363.06093683502553},"5":{"dtype":"number","min":41.386985778808594,"max":52.04205583505595},"6":{"dtype":"number","min":278.51200756859686,"max":402.91717588669593},"7":{"dtype":"number","min":45.82034990481365,"max":63.389408096729085},"8":{"dtype":"number","min":214.71879061094054,"max":345.601824452441},"9":{"dtype":"number","min":49.461779167679964,"max":62.62628815053503},"10":{"dtype":"number","min":311.5840956394774,"max":425.79070213703795},"11":{"dtype":"number","min":120.48455546338272,"max":150.70071565501885},"12":{"dtype":"number","min":180.99274275367827,"max":308.40626163705315},"13":{"dtype":"number","min":125.49464244323019,"max":154.540053490071},"14":{"dtype":"number","min":356.63347073566126,"max":507.10704046464616},"15":{"dtype":"number","min":89.82467948230789,"max":277.8801162511922},"16":{"dtype":"number","min":73.27939341504286,"max":284.92469876656736},"17":{"dtype":"number","min":98.75444107946254,"max":275.8772055184331},"18":{"dtype":"number","min":371.28318222580253,"max":563.2798096178107},"19":{"dtype":"number","min":72.5443543905414,"max":369.0426445749483},"20":{"dtype":"number","min":-19.777096996975317,"max":269.1301184034533},"21":{"dtype":"number","min":56.549854798075756,"max":370.21575215261737},"22":{"dtype":"number","min":309.7148850734132,"max":413.8075131664944},"23":{"dtype":"number","min":329.76246755874575,"max":361.48793498829644},"24":{"dtype":"number","min":213.50209514454644,"max":327.85993405353236},"25":{"dtype":"number","min":332.89439873008877,"max":357.43492497544344},"26":{"dtype":"number","min":216.1867965520124,"max":416.7003634560433},"27":{"dtype":"number","min":492.2198320084509,"max":543.8729347793045},"28":{"dtype":"number","min":218.00956518269697,"max":374.74611749908803},"29":{"dtype":"number","min":493.70248994938595,"max":541.2280451555661},"30":{"dtype":"number","min":231.29300187997782,"max":415.5265790293653},"31":{"dtype":"number","min":565.6500392572425,"max":584.9555678311953},"32":{"dtype":"number","min":217.02435563974345,"max":399.9981052680702},"33":{"dtype":"number","min":556.2027531189677,"max":584.4527497644091}},"outputs":{"0":{"dtype":"number","min":0.01,"max":1},"1":{"dtype":"number","min":0.01,"max":1}},"isNormalized":true}