{"inputUnits":[34],"outputUnits":2,"inputs":{"0":{"dtype":"number","min":285.6437142813716,"max":338.1349829291555},"1":{"dtype":"number","min":154.3454436662132,"max":162.85944244741003},"2":{"dtype":"number","min":295.032409192987,"max":349.0449399243069},"3":{"dtype":"number","min":145.8490643334296,"max":153.84383858409836},"4":{"dtype":"number","min":275.46091369153925,"max":328.38612597276267},"5":{"dtype":"number","min":146.60199829576544,"max":153.73442059824902},"6":{"dtype":"number","min":309.9449537700252,"max":361.0884382195974},"7":{"dtype":"number","min":156.95719128916699,"max":165.73132169849677},"8":{"dtype":"number","min":261.37796364869587,"max":313.3540908279122},"9":{"dtype":"number","min":156.321464271397,"max":167.73872523920082},"10":{"dtype":"number","min":337.03399539457683,"max":377.3023921506414},"11":{"dtype":"number","min":202.38487807693184,"max":228.0126323774167},"12":{"dtype":"number","min":245.4730788650216,"max":287.27245048790127},"13":{"dtype":"number","min":204.35998938890748,"max":231.3982590256034},"14":{"dtype":"number","min":351.1387123671951,"max":435.56319032661645},"15":{"dtype":"number","min":161.79908604009606,"max":306.5874709786144},"16":{"dtype":"number","min":207.19154684460116,"max":265.38866095041953},"17":{"dtype":"number","min":168.12785464038183,"max":317.8503266568314},"18":{"dtype":"number","min":357.4611325393855,"max":480.6473167211629},"19":{"dtype":"number","min":110.61012060261885,"max":381.77525858007056},"20":{"dtype":"number","min":149.71703733451636,"max":255.6388350312348},"21":{"dtype":"number","min":120.84319519161716,"max":385.438232421875},"22":{"dtype":"number","min":326.36639784282283,"max":363.8560129603523},"23":{"dtype":"number","min":364.70049015742796,"max":380.6596321076271},"24":{"dtype":"number","min":269.6506699142753,"max":302.79447681709024},"25":{"dtype":"number","min":362.331962733881,"max":379.7658862399684},"26":{"dtype":"number","min":328.03551699864727,"max":355.48457609540293},"27":{"dtype":"number","min":471.4658269622447,"max":486.4231931931314},"28":{"dtype":"number","min":267.0507788750912,"max":298.8027170381657},"29":{"dtype":"number","min":460.5595012026538,"max":488.46995312879983},"30":{"dtype":"number","min":322.7244947856502,"max":351.15679254791615},"31":{"dtype":"number","min":530.7069248540856,"max":558.7184654413958},"32":{"dtype":"number","min":272.3046910623632,"max":309.92759912394365},"33":{"dtype":"number","min":523.752030547027,"max":556.8462821574526}},"outputs":{"0":{"dtype":"number","min":0.06,"max":1},"1":{"dtype":"number","min":0.06,"max":1}},"isNormalized":true}